{"Sp. Int":{"NDARZJ460RWZ":1.2161185984,"NDARYZ770NA1":1.4244011541,"NDARWR732NZE":-0.0235541195,"NDARCZ947WU5":-2.6088144588,"NDARFK610GY5":-3.8735918627,"NDARRL660CME":5.1203835185,"NDARYF135ZHU":-3.4800987987,"NDARTJ032FJ2":0.2779427847,"NDARMU053YEU":-3.8400009677,"NDARDT528ZZJ":1.6759517385,"NDAREY778CR9":4.3005764648,"NDARPL306LC6":-3.2440004798,"NDARAC904DMU":-2.0298876199,"NDARUL224GN6":2.8401638117,"NDARZN277NR6":2.3772017317,"NDARHR753ZKU":-0.6369805276,"NDARBR740NKV":-1.9071931587,"NDARBM173BJG":-3.3823195848,"NDARRV480PU1":-3.5092533852,"NDARCW094JCG":-0.5718187535,"NDARHY177LY9":-1.1511188307,"NDARZY668NMV":2.0988146058,"NDARZJ016GL0":-3.1057558597,"NDARJT517YHZ":0.5519703062,"NDARRT038VG1":-1.3806537112,"NDARAM704GKZ":4.6342020429,"NDARXU253JHC":0.9485229462,"NDARMT064WBB":1.749471188,"NDARTU777GVV":-4.0183703631,"NDARZD099KWW":-1.1879489507,"NDARLH979WFX":-3.8249681209,"NDARRY280KNW":-1.4840421362,"NDARTF133LLM":-3.7674442611,"NDARPW577WJ7":-1.0631913976,"NDARWT449PUN":-3.0449372423,"NDARPH844KP2":1.6075830585,"NDARHD132KKB":3.3022394842,"NDARJG488XHT":-0.387601895,"NDARYG546ZFF":-2.2941936775,"NDARPX219TW0":-1.3036652332,"NDARJG300HWH":7.525672692,"NDAREF893ZM8":3.1754846242,"NDARJA157YB3":-0.9866541121,"NDARBX974XDR":0.5860764847,"NDARMM326JCB":-0.0029935119,"NDARMH249AWF":-1.1055822199,"NDARNV399BV4":-2.9252299171,"NDARFK477WX9":5.2198720479,"NDARRW940BL6":-3.3046913155,"NDARKM635UY0":-1.9877504078,"NDAREV601CE7":-0.9795447812,"NDARPC817XZ5":-2.6382033214,"NDARYL758JGG":-0.0855159387,"NDARJL303FKR":1.5705091926,"NDARMF116AFR":-0.5902151375,"NDARYA503XVQ":-3.1585111135,"NDARTW855BPJ":5.5132827261,"NDARBU607ZZ3":-2.7101818624,"NDARHZ923PAH":-2.0602765097,"NDARGE946RCB":-2.5538604949,"NDARMT732GKM":5.789433295,"NDARYR829KD8":-2.0859883726,"NDARYZ909VND":6.5400146656,"NDARGJ627BL2":-1.3291544497,"NDARGA056TMW":2.101105038,"NDARCL590LPD":-3.8568003738,"NDARNK329VC3":-0.1433744997,"NDARBU730PN8":-2.6367966165,"NDAREV527ZRF":-0.6306813258,"NDARRA717GYV":4.6653504495,"NDARZK732FZ0":3.285265948,"NDARUL456EER":2.6589600498,"NDARAG340ERT":-2.8316555656,"NDARRB942UWU":4.9508768849,"NDARDW741HCF":0.4190180498,"NDARJV268PNW":-4.2773839256,"NDARUT018UYN":-1.6848884173,"NDARMP745EAC":-1.5944554456,"NDARRL685WB7":-0.7814368012,"NDARML406ZB8":4.2680204496,"NDARDH270YR5":-3.6616569716,"NDARLN070VX7":-3.4862380301,"NDARLD016VCA":1.568344801,"NDARJZ089HVP":-5.0020740494,"NDARZJ603JM0":5.8309668374,"NDARMT784NED":0.3126097188,"NDARGV781AMW":5.5173419417,"NDARZL855WVA":-0.4227112108,"NDARAW179AYF":-0.4164541144,"NDARJZ274PRQ":-2.8177212326,"NDARGG205WVN":-2.3330707151,"NDARHZ255RA6":0.7823847812,"NDARVT488RXJ":-2.5897854729,"NDARGT551AFK":-0.4146774057,"NDARAV519RND":1.7621523028,"NDARGX173AC3":-0.4129302723,"NDAREF164ZUJ":5.3196340322,"NDARND348HB3":-3.2362806186,"NDARCG073GZ6":2.8380730316,"NDARHD507TEF":-3.6388264247,"NDARKA085YRG":7.1410601974,"NDARPE056ACA":-4.8410646011,"NDARCW933FD5":-3.7208518835,"NDARXG571WPL":2.4439629318,"NDARBF176LPM":0.1773720806,"NDARCH881EFG":0.8081330958,"NDARNT541VT2":-2.1657076582,"NDARMJ849UKD":-3.3053117792,"NDARTW850GHU":0.7518858645,"NDARLJ654TZ0":-3.5965423083,"NDAREY512KVX":1.8796227832,"NDARTP795WU2":-0.3567613038,"NDARBJ159HXB":3.9962318201,"NDARAC853DTE":2.9830848405,"NDARGN756ZYP":-4.1847500778,"NDARCW611MK5":1.1988677961,"NDARCK647MU6":5.4877621222,"NDARMZ687XRR":-0.5832796938,"NDARXR637JER":3.5104181876,"NDARDF373ZDW":4.0636673441,"NDARWZ024UYK":-2.6440929391,"NDARHF150FDY":1.6834017223,"NDARMN376BMF":0.9674995685,"NDARZE831DKC":4.5398761143,"NDARJJ343TR0":-0.1708299845,"NDARHR763RB4":-2.7903285071,"NDARCU118LMX":3.5381056467,"NDARCU865PBV":1.2355226894,"NDARRM586XYL":-0.6814348543,"NDARHC462NGR":-3.489183171,"NDARTK834FT9":7.1841321696,"NDAREM155HGQ":2.2633429274,"NDARET550NXC":-1.6077677161,"NDARXF203DCD":-1.4669203434,"NDARCM302VJ1":0.4639034326,"NDARFY009MNL":-2.6564981889,"NDARUP249AMD":2.5782233421,"NDARWR678HLF":-2.7641208662,"NDARBM839WR5":3.055616297,"NDARZW930MF2":-1.5279238612,"NDARCL016NHB":-2.3229973196,"NDARUW000ALJ":-0.633811279,"NDARXY240WJC":0.1052802472,"NDARLJ334YD0":4.3299372242,"NDARPV145KGL":4.8710611165,"NDARHJ034LDM":1.9241768827,"NDARGT682ZWN":-0.2731342875,"NDARLL914UW4":-3.5589153484,"NDARAA948VFH":-2.49745407,"NDARLJ886BFK":-1.6760140903,"NDARCV944JA6":2.8725392648,"NDARHG152GZC":6.8383535233,"NDARAV610EY3":-4.8310969354,"NDARMM951YEH":3.9968377217,"NDARMM005DLK":2.3669480866,"NDARML024FF2":6.1098920271,"NDARDY150ZP9":0.8307590922,"NDARYL771XDP":-0.9153809632,"NDARKU616UBL":3.0943717302,"NDARTH473LF8":-4.0169533956,"NDARLN778RYN":-0.6200245899,"NDARRA537FWW":-1.7939447709,"NDARHM413HVA":-0.6435413079,"NDARME880JD7":-1.2021378113,"NDARKT811ATJ":0.0438968708,"NDARMF508PA2":-1.5125223543,"NDARFF644ZGD":-4.5789938439,"NDARJW373UE3":-1.3361948222,"NDARKM941XLL":-3.7232609722,"NDARUG278FNY":-3.2335794282,"NDARNK768THB":2.3058909109,"NDARVG597HNL":7.0990096788,"NDARDE294HNX":-1.8601481014,"NDARBG831VK4":-1.6841478236,"NDARLP507NKW":-3.2606185752,"NDARTF566PYH":-3.962252853,"NDARFA402LMW":0.3661312982,"NDARPW786GC4":-1.6077211207,"NDARLK963HXP":2.5480136988,"NDARXT822TAA":-2.9474180658,"NDARUT470BM4":-3.0977364478,"NDARZN677EYE":2.1587542501,"NDARAY461TZZ":-3.7233170494,"NDARHR372GJ7":-0.5380907889,"NDARUJ779NM0":-1.483604357,"NDARAD774HAZ":3.2863554422,"NDARWH725TXP":0.0402276699,"NDARWG798MJG":-3.2064449517,"NDARNM783ZVV":0.0610456767,"NDARGY580WWL":0.5597476513,"NDAREK549XUQ":-1.2301843137,"NDARAE358VBE":4.2855982066,"NDARPV303LAX":0.5884362328,"NDARLF142AF5":1.7757423772,"NDARRY268AF2":-1.6868017847,"NDARGF367KVL":2.8602569242,"NDARGK059JW7":-3.6043884006,"NDARWM632AFC":-3.8857940494,"NDARTW958NXU":2.0995530565,"NDARRY215CXQ":-1.0091491213,"NDARKA331XEL":3.2632876546,"NDARKG594WKT":-2.9086293612,"NDARBU532YXZ":-0.0855193057,"NDARWV487HE0":-2.2074099796,"NDARLY483UNZ":-0.1385658141,"NDAREN667YTZ":0.9639294884,"NDARLZ986JLL":4.8439026858,"NDARDL129FV3":0.9756586976,"NDARCP057XJB":-0.0391927004,"NDAREB093GH6":-0.4989709126,"NDARBV059CGE":-1.4755756072,"NDARWJ621JRZ":0.4463893703,"NDARPL201YL4":-2.5534582047,"NDARDY714NV9":-2.9737236603,"NDAREC542MH3":-3.3380803229,"NDARFG027BT5":-1.6973861855,"NDARDV222JZ6":4.2280410386,"NDARRB359CRR":-1.6902121591,"NDARBU928LV0":-1.2520123338,"NDARCC140AAK":1.7894016084,"NDARTY636BWN":-3.1854895007,"NDARJF579EH9":-1.4428240327,"NDAREU591YYA":-3.9818093218,"NDARFJ803JF7":-1.8361646223,"NDARXV094ZHH":3.033348348,"NDARPJ832WL6":-0.9565740299,"NDARWN691CG7":1.5993028925,"NDARPA570LBF":1.0296684159,"NDARFR820KFF":5.5584038185,"NDARFW578RU9":4.4679671917,"NDARAD232HVV":4.1412017167,"NDARDN489EXJ":-0.2099151285},"Neuro":{"NDARZJ460RWZ":-0.288439775,"NDARYZ770NA1":-2.1766258397,"NDARWR732NZE":0.5474985093,"NDARCZ947WU5":-1.8664515369,"NDARFK610GY5":-2.7305587533,"NDARRL660CME":7.3016465575,"NDARYF135ZHU":-1.5160205566,"NDARTJ032FJ2":1.30644498,"NDARMU053YEU":0.2968774834,"NDARDT528ZZJ":-0.0600918698,"NDAREY778CR9":0.9037449758,"NDARPL306LC6":-1.4462409853,"NDARAC904DMU":0.5100467043,"NDARUL224GN6":-0.2838210743,"NDARZN277NR6":2.0650907358,"NDARHR753ZKU":-1.4136825613,"NDARBR740NKV":-2.0972321825,"NDARBM173BJG":-3.1271093132,"NDARRV480PU1":1.0079583208,"NDARCW094JCG":2.0588628416,"NDARHY177LY9":4.8154828872,"NDARZY668NMV":1.2786130208,"NDARZJ016GL0":-1.0564306899,"NDARJT517YHZ":3.6805419405,"NDARRT038VG1":4.1444014488,"NDARAM704GKZ":7.4357387787,"NDARXU253JHC":4.0645115722,"NDARMT064WBB":-2.2341296073,"NDARTU777GVV":-4.204482267,"NDARZD099KWW":-0.5914553158,"NDARLH979WFX":1.2370863513,"NDARRY280KNW":2.5260947422,"NDARTF133LLM":-1.8836787076,"NDARPW577WJ7":-1.5123209305,"NDARWT449PUN":0.909650228,"NDARPH844KP2":0.8690059999,"NDARHD132KKB":-0.2008806581,"NDARJG488XHT":-1.4912812357,"NDARYG546ZFF":-1.2705094328,"NDARPX219TW0":-1.9116153406,"NDARJG300HWH":1.0942902313,"NDAREF893ZM8":2.725423382,"NDARJA157YB3":0.9684604158,"NDARBX974XDR":-0.9573045576,"NDARMM326JCB":1.3981133091,"NDARMH249AWF":-0.6161913763,"NDARNV399BV4":-4.322930237,"NDARFK477WX9":0.6633050836,